Metric,Strategy,Benchmark,Difference
CAGR,0.08055580684563601,0.08938503766518213,-0.008829230819546119
Sharpe,0.3345953556241897,0.33254844041703785,0.0020469152071518337
Sortino,0.49744421937469,0.6993611313722371,-0.20191691199754708
Calmar,3.4511595559762185,2.641086208352145,0.8100733476240736
Max_Drawdown,-0.02334166402307918,-0.03384404393257281,0.010502379909493629
Volatility,0.059307602457108845,0.09158888645487698,-0.03228128399776813
