{
    "CAGR": 0.08055580684563601,
    "Total_Return": 0.03147541383106134,
    "Volatility": 0.059307602457108845,
    "Sharpe": 0.3345953556241897,
    "Sortino": 0.49744421937469,
    "Calmar": 3.4511595559762185,
    "Max_Drawdown": -0.02334166402307918,
    "Stability": 0.48885418122164254,
    "Skewness": 0.9491213344113498,
    "Kurtosis": 3.6645824090588195,
    "Win_Rate_Daily": 0.5106382978723404,
    "Market_Exposure": 0.45,
    "Total_Trades": 2.0,
    "Win_Rate_Trade": 0.5,
    "Avg_Trade_Duration": 32.5,
    "Avg_Win": 4075.4666866918433,
    "Avg_Loss": -2105.863853187354,
    "Profit_Factor": 1.9352944780942865,
    "VaR_95": -0.0058264140996393534,
    "CVaR_95": -0.007207088824312824,
    "Ulcer_Index": 0.6973445277985056,
    "Hit_Rate": 0.24,
    "Best_Day": 0.01624578713842075,
    "Worst_Day": -0.008975398412838542
}