Metric,Strategy,Benchmark,Difference
CAGR,0.2081467494455247,0.1265737720640805,0.0815729773814442
Sharpe,1.3139512057268883,0.4508504717968088,0.8631007339300795
Sortino,1.6092006616309655,0.5748269346962376,1.034373726934728
Calmar,2.377946081118936,0.3365958152051995,2.041350265913737
Max_Drawdown,-0.08753215688876419,-0.37604083695133617,0.28850868006257196
Volatility,0.10598842184087669,0.1696651300489047,-0.06367670820802802
