{
    "CAGR": 0.2081467494455247,
    "Total_Return": 6.897087781755561,
    "Volatility": 0.10598842184087669,
    "Sharpe": 1.3139512057268883,
    "Sortino": 1.6092006616309655,
    "Calmar": 2.377946081118936,
    "Max_Drawdown": -0.08753215688876419,
    "Stability": 0.9866377978413472,
    "Skewness": 0.4979490503884303,
    "Kurtosis": 10.799367124912436,
    "Win_Rate_Daily": 0.5491169977924945,
    "Market_Exposure": 0.6390334572490707,
    "Total_Trades": 93.0,
    "Win_Rate_Trade": 0.3548387096774194,
    "Avg_Trade_Duration": 27.419354838709676,
    "Avg_Win": 5143.33754384191,
    "Avg_Loss": -1584.8508554114876,
    "Profit_Factor": 1.7849223095371818,
    "VaR_95": -0.009569213353599459,
    "CVaR_95": -0.014839404602059885,
    "Ulcer_Index": 2.467081126821763,
    "Hit_Rate": 0.36988847583643125,
    "Best_Day": 0.07311881635146236,
    "Worst_Day": -0.05434348738648929
}