{
    "strategy": "sma",
    "cagr": 0.2081467494455247,
    "sharpe": 1.3139512057268883,
    "max_drawdown": -0.08753215688876419,
    "total_return": 6.897087781755561,
    "win_rate": 0.3548387096774194,
    "profit_factor": 1.7849223095371818,
    "trades": 93
}